Cargo,Empresa
Analista de Dados/ JR/ PL/ SR,Accenture
None,A3Data
None,Sicredi
Analista de Dados GEOIA,Sicredi
None,Magna Sistemas
Analista de Governança de Dados,SBF - Vagas Tecnologia
None,Audaces
Pessoa Analista de Dados Júnior,Vagas na Nomad
Analista de Dados Júnior | Data Analytics,americanas s.a
Analista de Projetos (Análise de Dados),+A Educação
Analista de Dados | Tribo CRM,Lojas Renner
None,EasyJur
Analista de Dados Jr.,Seazone
Analista de Dados,Sicredi
None,Grupo Big
Analista de Dados,Tech Sicredi
Analista de Dados,EY
None,Datum TI
None,NPU - Nec Plus Ultra Gestão e Tecnologia
Analista (Engenharia de Dados),Grupo Elfa
None,Kangu
Analista de Dados Júnior,Assaí Atacadista - O atacadista que mais cresce no...
Analista de Dados,Avita
None,Collact
Analista de Dados de Remuneração Júnior,Beyond HR
None,EY
Analista de Dados em RH Pleno,GPA
None,Share RH
Analista de Dados Sr.,Danone
None,Me Poupe!
None,EDC Uni & Smart
Analista de Dados,Lumen Games
ANALISTA DE DADOS JÚNIOR,Neogrid
None,Quod
Analista de Dados,Seazone
Analista de Migração de Dados,DHO Consultoria Empresarial
None,Qualidados
None,Bayer
Analista Governança de Dados,Livelo
Analista de Dados (Controladoria) Pleno,DHL Express
Analista de Dados - Big Data,None
Analista de Dados - Pleno São Paulo / SP,Yaman
None,CREB - Centro de Reumatologia e Ortopedia Botafogo
Analista de Dados Pleno,LETS
Analista de Banco de Dados,Dasa Tecnologia
None,Vem Pra Vivo
ANALISTA DE DADOS JUNIOR,Clearsale
ANALISTA DE DADOS,ALS LIFE SCIENCES
Analista de Dados,Bravium
Analista de Dados - Excel Avançado e Macros,Expertizze Desenvolvimento Empresarial e Coaching
None,IlhaService Tecnologia
None,Verdes Vales
None,IBM
Analista de Dados Sr. São José dos Campos / SP,Sistema Poliedro
Analista de Negócios - Dados,Buser
None,MSD
None,Citi
Analista de Dados,americanas s.a
None,VR SOFTWARE
None,Worked
Analista de Dados Epidemiológicos Hospital Mãe de Deus,AESC - Associação Educadora São Carlos
Analista de Dados Pl. São José dos Campos / SP,Sistema Poliedro
Analista Estratégia Dados I - Análise de Balanços,Experian
Analista de Dados,Brivia
Analista de Governança de Dados,Grupo SEB
Analista de Dados,Saúde iD
Analista de Dados Jr - Johnson & Johnson,Mais Diversidade
Analista de Dados - Sênior,EY
"Analista de Dados Júnior, Time de Fraude",Shopee
None,CIA Hering
Analista de Engenharia de Dados Jr.,FreteBras
Analista de Dados,Sá Cavalcante
0731 - Analista de Dados - Open Banking - Cafelândia/PR,Sicredi
Analista De Dados,BuscarVagas
Analista de Risco e Proteção de Dados - Vila Olímpia,Jobbol
Analista de Dados (BI - Data Analytics),Tem talento? Me mostre o que tem.
Analista de Gestão de Dados - Arrecadação,digio
None,Porto Seguro
None,ContacT Smart Telecomunicações Ltda
None,Omnisaude
Analista de Dados Estratégicos,Carreiras Austa Hospital
Analista de Dados,Indra
Analista de Governança de Dados Sênior,Cielo Tech_Oportunidades em Tecnologia
None,Bússola Consultoria
Analista de Dados Jr,LET'S - Logística e Distribuição
None,BP
Analista de Dados,DECISION GROUP IT
Banco Original - Analista de Dados Pleno,Original
Analista de Dados - B.I,Indra
ANALISTA DE DADOS PL (16159),Bosch Group
Analista de Banco de Dados II - DBA Oracle,Central Ailos
Analista de Dados com especialidade em Produtos Digitais - V...,Clicksign
ANALISTA DE DADOS,RH Open
Analista de Dados Pleno (Seguros),Alfa
Analista de Governança de Dados Jr.,C6 Bank
Analista de Dados Pleno,LET'S - Logística e Distribuição
Analista de Dados - indicadores,Voetur
Analista de Dados,Martins
Analista de Dados,Shopee
Analista de Dados- (Vaga Afirmativa para Pessoas Negras),Nova Escola
None,Afya Educacional
Customer Success - Analista de Dados,Fluency Academy
Pessoa Analista de Dados (Zap+),OLX Brasil
Analista de Dados - Pleno,Recrutamento Externo
None,Reweb
Analista de Dados,Schneider Electric
Analista de Governança de Dados IV - Eng. de Dados,FreteBras
None,GIULIANA GOUVEIA
Analista de Privacidade e Proteção de Dados Sênior,Credz
ANALISTA DE DADOS,VERO RH
Analista de Estratégia de Dados I,Experian
None,Valid
ANALISTA DE DADOS JR,infracommerce
None,ID_BR
Analista de dados de marketing,Casa Flora
Analista de Dados,CWI Software
None,BELTIS TECNOLOGIA
Analista de Dados - Marketing,FreteBras
Analista De Dados - Junior,Recrutamento Externo
Analista de Produtos Sênior (Dados e Marketing),Cielo
Analista de Dados Junior | Super App,PicPay
None,Curriculum.com.br
Analista de Dados,Uniftec Centro Universitário
ANALISTA DE DADOS OPERACIONAIS,Vero Internet
Analista de Dados BI Sr,The Bridge Vagas
ANALISTA DE DADOS EPIDEMIOLÓGICOS,Divulga Vagas
Analista de Estratégia de Dados,Integer\Outpromo
ANALISTA DE DADOS E NEGÓCIO (FARMACÊUTICO),BuscarVagas
Analista de Banco de Dados III – DBA SQL Server,Central Ailos
Analista de Dados SR,Instituto Ayrton Senna
None,G4 Educação
ANALISTA DE DADOS PLENO,Comerc
Analista de Dados Sr - Compliance.,C6 Bank
Analista de Dados Pl. (Client Experience),SrateSe
Analista de Governança de Dados,Datainfo
None,Quantum Logistics
Analista de dados mestres,Umicore
Analista de Dados Sênior,Assaí Atacadista - O atacadista que mais cresce no...
Analista de Dados,Geo Biogas & Tech
Analista de Dados,Accenture
Analista de Dados,Itix
Analista de Governança de Dados,Keyrus Brazil
None,Jobbol
None,Zallpy Digital
Analista de Dados,Oportunidades OVD!
Analista de Dados Júnior,Curriculum.com.br
Analista de Dados Junior_São Paulo,Worley
Analista de Dados,Siagri
ANALISTA DE DADOS JR - SÃO PAULO,OEmprego
Analista de Dados PL,Magna Sistemas
Analista de Dados & Estratégia,Warren
Analista de Dados | Presencial ou Remoto,Eleflow Big Data
Analista de Dados (Automação Alteryx),TMF Group
Analista de Dados SR,Certsys
Analista de Dados Pleno,Vertem
Analista Gestão de Dados - Mercado Público,Grupo Elfa
None,Taking
GDP-404 - Analista de Qualidade de Dados (DQA) - Pleno (Remo...,Instituto Atlântico
Analista de Dados - especialista Qlik Sense ou Power BI,DOJO Technology
Analista de Dados Industriais (Power BI),EuroChem Fertilizantes Tocantins
Analista De Dados Júnior - Remoto,Líder e Gestão
None,Capgemini
Business Partner/ Analista de Dados e Gestão,FUNCTIONAL CONSULTING
None,OEmprego
Business Intelligence | Analista de Dados | Remoto,Sensedia
Analista de Dados VBA,GeekHunter
ANALISTA DE DADOS E CONTROLADORIA,Kroton
Analista Comercial - Analise de dados,Globe Química SA
ANALISTA DE DADOS BI SR (TABLEAU) – 16827,Bosch Group
Analista de Dados - SP,Labi Exames
Analista de Privacidade e Proteção de Dados Sênior,americanas s.a
Analista de Dados Sênior,Galena
Analista de Dados JR (Arquiteto Web Analytics),MadeiraMadeira
Analista de Automação e Gestão de dados - Python,digio
Analista de Dados de Estratégia de Crédito,Sicredi
Analista de dados,Pequod Investimentos
QA - Analista de Teste Sr - Dados,digio
Analistas de Privacidade e Proteção de Dados (LGPD) SR,Moot It Consulting
Analista de Banco de Dados,Cooper Card
Analista de Dados,LET'S - Logística e Distribuição
Analista de Redes e Comunicação de Dados - EXPRESSO CHAPECÓ,Expresso São Miguel
None,V8 Brasil
Analista de Banco de Dados Sênior,Certisign
Analista de Dados Júnior,TOTVS
Analista de Dados - Santos/SP,Infotec Brasil
None,People Talent
Analista De Dados - Porto Alegre - RS,Líder e Gestão
Analista de Dados pleno,americanas s.a
None,Aero For Men
None,Grupo Trigo
ANALISTA ADMINISTRATIVO (ANÁLISE DE DADOS SSMA) - PARAUAPEBA...,OEmprego
Analista De Gestão De Dados E Desempenho,SICOOB
ANALISTA DE DADOS SÊNIOR,Neogrid
Analista de Dados,Dito
Seara/MTZ - Analista de Dados Sr,JBS
None,ValeCard
Analista de Dados - Growth,B4A Group
None,Raízen
Analista de Integrações de Dados (Data Ops),Pmweb
Analista de Dados,Dentsu Aegis Network
Analista de Governança de Dados Sênior,Appmax
Analista de Dados,Hands RH
Analista de Migração de Dados (Social e Vigilância),IPM
Cientista de Dados Sênior (Analista),Vivo Digital
Analista de Dados - WedClub,BURH
Analista de dados Pleno,Sorte Online
Estagio Analista de Dados Comerciais,Mais Estágios
Analista de Governança de Dados Sênior,The Bridge Vagas
Analista de Dados pleno (remoto) Python,GeekHunter
None,Projeto 22
ANALISTA DE DADOS,Movida Aluguel de Carros
Analista de Dados Sênior,Vertigo Tecnologia
Analista de Dados / Devops,TOTVS
Analista de Dados,Truppe Desenvolvimento em Recursos Humanos e...
ANALISTA DE DADOS SR,Sinqia
Analista de Dados e Projetos Sênior (Analytics),BRF
Analista de Estratégia e Aquisição de Dados Sênior,Experian
ANALISTA DE DADOS - EM BARUERI - SP,OEmprego
Analista de Dados Pleno – CLT,Facti
None,Phonetrack
Analista de Dados Pleno ou Senior,SELE SISTEMAS
Analista de Transformação Digital - Experiência em Dados,Calçados Bibi Ltda
Pessoa Analista de Governança de Dados Pl,Gesto
Analistas de Dados Sênior,Vagas na Nomad
Analista de Dados SR,G&P Projetos e Sistemas
None,Neo Pessoas
Analista de Dados - TI,Grupo Henry Schein Brasil
ANALISTA DE DADOS PL/SR,Kroton
Analista de Dados Pleno | Time Data,V4 Company
Analista de Dados,ATIVAR RH DIGITAL
ANALISTA DE DESENVOLVIMENTO DE DADOS,AMEL'S
Analista de Segurança e Privacidade de Dados Pl,T4F - TIME TO BE FUN
Analista de Inteligência de Negócios Pleno (Dados),americanas s.a
Analista de Dados Pleno,Group Software Ltda
Analista Comercial (Inteligência de Dados),Light
[Rodobens] - Analista de Negócios e Dados Pleno,Page Outsourcing Brasil
Analista de Dados SR,TOTVS
Analista de Dados Pleno (Enterprise),WDC Networks
Analista de Dados — Finove,RHEstratégia
Analista de Dados - BI,EZTEC Carreiras
Analista de Dados,VERT Capital
Analista de Dados T.I,Potencial RH
Analista de dados - Sede Nova Petrópolis - Sicredi Pioneira...,Sicredi
Analista de Dados,PRIMER
Analista de Dados Pleno/Sênior,Sympla
Analista de Dados Sênior,HR4 Human Resources
ANALISTA ADMINISTRATIVO GERENCIAMENTO DE DADOS - ITABIRITO,OEmprego
ANALISTA DE DADOS,None
Analista de Arquitetura de Dados Sênior,Grupo Tigre
Analista de Dados - DW/Power BI,Komlog
Analista Pleno de Banco de Dados,Segware
Analista de Dados - Ops Pleno,Tecnofit
Analista de Engenharia de Dados (MLOps) IV,FreteBras
ANALISTA DE DADOS - PLENO,None
Analista de Dados Sênior,Duratex
None,Carreiras Méliuz
None,Libbs
Analista de Dados,Inklua Servicos Para Inclusao de Pcd Ltda
Analista de Ingestão de Dados Pleno,Moot It Consulting
Analista de Dados com foco em Customer Sucess,Clicksign
Analista de Dados Pleno/Sênior,LogComex
Analista de Dados Jr,Data-Driven Marketing
Analista de Dados e Reportes (Marketing),Neodent
Analista de Dados Sr,Medway
Analista de Privacidade e Proteção de Dados - Nível Pleno,Hprojekt
Analista de Estratégia de Dados Pleno,Experian
Analista de Dados - Data Visualization and Report,Kroton
